[{"model": "accounts.userprofile", "pk": 1, "fields": {"user": 1, "polls_made": "[]", "identification": 25905319}}, {"model": "polls.question", "pk": 1, "fields": {"question_text": "What's up?", "pub_date": "2020-12-22T09:33:46Z", "description_text": "Brief description"}}, {"model": "polls.question", "pk": 2, "fields": {"question_text": "What's new?", "pub_date": "2020-12-23T05:43:33Z", "description_text": "Brief description"}}, {"model": "polls.question", "pk": 3, "fields": {"question_text": "What's next?", "pub_date": "2020-12-23T05:43:52Z", "description_text": "Brief description"}}, {"model": "polls.question", "pk": 4, "fields": {"question_text": "What do yo prefer?", "pub_date": "2020-12-25T15:26:15.183Z", "description_text": "Brief description"}}, {"model": "polls.question", "pk": 5, "fields": {"question_text": "Future Question", "pub_date": "2020-12-31T11:09:30Z", "description_text": "Brief description"}}, {"model": "polls.question", "pk": 6, "fields": {"question_text": "Past Question", "pub_date": "2020-11-26T11:09:55Z", "description_text": "Brief description"}}, {"model": "polls.question", "pk": 7, "fields": {"question_text": "Future Question 2", "pub_date": "2021-01-26T12:14:08Z", "description_text": "Brief description"}}, {"model": "polls.question", "pk": 8, "fields": {"question_text": "Question with four Choices", "pub_date": "2020-12-27T13:55:51Z", "description_text": "Brief description"}}, {"model": "polls.question", "pk": 9, "fields": {"question_text": "Question with one Choice", "pub_date": "2020-12-31T20:12:21Z", "description_text": "Brief description"}}, {"model": "polls.question", "pk": 10, "fields": {"question_text": "Question with description", "pub_date": "2021-01-04T18:18:20Z", "description_text": "Lorem Ipsum is simply dummy text of the printing and typesetting industry. Lorem Ipsum has been the industry's standard dummy text ever since the 1500s, when an unknown printer took a galley of type and scrambled it to make a type specimen book. It has survived not only five centuries, but also the leap into electronic typesetting, remaining essentially unchanged. It was popularised in the 1960s with the release of Letraset sheets containing Lorem Ipsum passages, and more recently with desktop publishing software like Aldus PageMaker including versions of Lorem Ipsum."}}, {"model": "polls.question", "pk": 11, "fields": {"question_text": "Question with many choices and many votes", "pub_date": "2021-01-04T22:37:42Z", "description_text": "It is a long established fact that a reader will be distracted by the readable content of a page when looking at its layout. The point of using Lorem Ipsum is that it has a more-or-less normal distribution of letters, as opposed to using 'Content here, content here', making it look like readable English. Many desktop publishing packages and web page editors now use Lorem Ipsum as their default model text, and a search for 'lorem ipsum' will uncover many web sites still in their infancy. Various versions have evolved over the years, sometimes by accident, sometimes on purpose (injected humour and the like)."}}, {"model": "polls.choice", "pk": 1, "fields": {"question": 1, "choice_text": "Not much", "votes": 5}}, {"model": "polls.choice", "pk": 2, "fields": {"question": 1, "choice_text": "The sky", "votes": 2}}, {"model": "polls.choice", "pk": 4, "fields": {"question": 4, "choice_text": "Water", "votes": 2}}, {"model": "polls.choice", "pk": 5, "fields": {"question": 4, "choice_text": "Coffee", "votes": 3}}, {"model": "polls.choice", "pk": 6, "fields": {"question": 4, "choice_text": "Tea", "votes": 6}}, {"model": "polls.choice", "pk": 7, "fields": {"question": 2, "choice_text": "Nothing", "votes": 0}}, {"model": "polls.choice", "pk": 8, "fields": {"question": 2, "choice_text": "Everything", "votes": 0}}, {"model": "polls.choice", "pk": 9, "fields": {"question": 2, "choice_text": "The world!", "votes": 1}}, {"model": "polls.choice", "pk": 10, "fields": {"question": 3, "choice_text": "Conquer the world!", "votes": 2}}, {"model": "polls.choice", "pk": 11, "fields": {"question": 3, "choice_text": "Rule the universe!", "votes": 0}}, {"model": "polls.choice", "pk": 12, "fields": {"question": 3, "choice_text": "Nothing special", "votes": 1}}, {"model": "polls.choice", "pk": 13, "fields": {"question": 8, "choice_text": "Choice 1", "votes": 2}}, {"model": "polls.choice", "pk": 14, "fields": {"question": 8, "choice_text": "Choice 2", "votes": 4}}, {"model": "polls.choice", "pk": 15, "fields": {"question": 8, "choice_text": "Choice 3", "votes": 4}}, {"model": "polls.choice", "pk": 16, "fields": {"question": 8, "choice_text": "Choice 4", "votes": 2}}, {"model": "polls.choice", "pk": 17, "fields": {"question": 9, "choice_text": "The only way", "votes": 999}}, {"model": "polls.choice", "pk": 18, "fields": {"question": 10, "choice_text": "Option 1", "votes": 1}}, {"model": "polls.choice", "pk": 19, "fields": {"question": 10, "choice_text": "Option 2", "votes": 0}}, {"model": "polls.choice", "pk": 20, "fields": {"question": 10, "choice_text": "Option 3", "votes": 0}}, {"model": "polls.choice", "pk": 21, "fields": {"question": 11, "choice_text": "I prefer going to the beach", "votes": 109}}, {"model": "polls.choice", "pk": 22, "fields": {"question": 11, "choice_text": "I would rather go to the mountain", "votes": 357}}, {"model": "polls.choice", "pk": 23, "fields": {"question": 11, "choice_text": "I would go to the forest", "votes": 151}}, {"model": "polls.choice", "pk": 24, "fields": {"question": 11, "choice_text": "I prefer the desert", "votes": 236}}, {"model": "polls.choice", "pk": 25, "fields": {"question": 11, "choice_text": "I woud go to the city", "votes": 452}}, {"model": "polls.choice", "pk": 26, "fields": {"question": 11, "choice_text": "I prefer a farm", "votes": 52}}, {"model": "admin.logentry", "pk": 1, "fields": {"action_time": "2020-12-22T09:34:08.841Z", "user": 1, "content_type": 7, "object_id": "1", "object_repr": "What's up?", "action_flag": 2, "change_message": "[{\"changed\": {\"fields\": [\"Date published\"]}}]"}}, {"model": "admin.logentry", "pk": 2, "fields": {"action_time": "2020-12-23T05:43:38.406Z", "user": 1, "content_type": 7, "object_id": "2", "object_repr": "What's new?", "action_flag": 1, "change_message": "[{\"added\": {}}]"}}, {"model": "admin.logentry", "pk": 3, "fields": {"action_time": "2020-12-23T05:43:53.504Z", "user": 1, "content_type": 7, "object_id": "3", "object_repr": "What's next?", "action_flag": 1, "change_message": "[{\"added\": {}}]"}}, {"model": "admin.logentry", "pk": 4, "fields": {"action_time": "2020-12-23T11:39:20.482Z", "user": 1, "content_type": 8, "object_id": "1", "object_repr": "Not much", "action_flag": 2, "change_message": "[{\"changed\": {\"fields\": [\"Votes\"]}}]"}}, {"model": "admin.logentry", "pk": 5, "fields": {"action_time": "2020-12-23T11:39:24.529Z", "user": 1, "content_type": 8, "object_id": "2", "object_repr": "The sky", "action_flag": 2, "change_message": "[{\"changed\": {\"fields\": [\"Votes\"]}}]"}}, {"model": "admin.logentry", "pk": 6, "fields": {"action_time": "2020-12-25T15:58:46.276Z", "user": 1, "content_type": 8, "object_id": "5", "object_repr": "Coffee", "action_flag": 2, "change_message": "[{\"changed\": {\"fields\": [\"Choice text\"]}}]"}}, {"model": "admin.logentry", "pk": 7, "fields": {"action_time": "2020-12-25T15:58:53.047Z", "user": 1, "content_type": 8, "object_id": "4", "object_repr": "Water", "action_flag": 2, "change_message": "[{\"changed\": {\"fields\": [\"Choice text\"]}}]"}}, {"model": "admin.logentry", "pk": 8, "fields": {"action_time": "2020-12-25T16:14:48.934Z", "user": 1, "content_type": 8, "object_id": "7", "object_repr": "Nothing", "action_flag": 1, "change_message": "[{\"added\": {}}]"}}, {"model": "admin.logentry", "pk": 9, "fields": {"action_time": "2020-12-25T16:15:04.412Z", "user": 1, "content_type": 8, "object_id": "8", "object_repr": "Everything", "action_flag": 1, "change_message": "[{\"added\": {}}]"}}, {"model": "admin.logentry", "pk": 10, "fields": {"action_time": "2020-12-25T16:15:20.084Z", "user": 1, "content_type": 8, "object_id": "9", "object_repr": "The world!", "action_flag": 1, "change_message": "[{\"added\": {}}]"}}, {"model": "admin.logentry", "pk": 11, "fields": {"action_time": "2020-12-25T16:15:57.196Z", "user": 1, "content_type": 8, "object_id": "10", "object_repr": "Conquer the world!", "action_flag": 1, "change_message": "[{\"added\": {}}]"}}, {"model": "admin.logentry", "pk": 12, "fields": {"action_time": "2020-12-25T16:16:06.935Z", "user": 1, "content_type": 8, "object_id": "11", "object_repr": "Rule the universe!", "action_flag": 1, "change_message": "[{\"added\": {}}]"}}, {"model": "admin.logentry", "pk": 13, "fields": {"action_time": "2020-12-25T16:16:16.411Z", "user": 1, "content_type": 8, "object_id": "12", "object_repr": "Nothing special", "action_flag": 1, "change_message": "[{\"added\": {}}]"}}, {"model": "admin.logentry", "pk": 14, "fields": {"action_time": "2020-12-26T11:09:39.691Z", "user": 1, "content_type": 7, "object_id": "5", "object_repr": "Future Question", "action_flag": 1, "change_message": "[{\"added\": {}}]"}}, {"model": "admin.logentry", "pk": 15, "fields": {"action_time": "2020-12-26T11:09:57.764Z", "user": 1, "content_type": 7, "object_id": "6", "object_repr": "Past Question", "action_flag": 1, "change_message": "[{\"added\": {}}]"}}, {"model": "admin.logentry", "pk": 16, "fields": {"action_time": "2020-12-26T12:14:10.313Z", "user": 1, "content_type": 7, "object_id": "7", "object_repr": "Future Question 2", "action_flag": 1, "change_message": "[{\"added\": {}}]"}}, {"model": "admin.logentry", "pk": 17, "fields": {"action_time": "2020-12-27T13:55:52.038Z", "user": 1, "content_type": 7, "object_id": "8", "object_repr": "Question with one Choice", "action_flag": 1, "change_message": "[{\"added\": {}}]"}}, {"model": "admin.logentry", "pk": 18, "fields": {"action_time": "2020-12-27T13:56:20.899Z", "user": 1, "content_type": 8, "object_id": "13", "object_repr": "Choice 1", "action_flag": 1, "change_message": "[{\"added\": {}}]"}}, {"model": "admin.logentry", "pk": 19, "fields": {"action_time": "2020-12-31T20:10:57.100Z", "user": 1, "content_type": 7, "object_id": "8", "object_repr": "Question with one Choice", "action_flag": 2, "change_message": "[{\"added\": {\"name\": \"choice\", \"object\": \"Choice 2\"}}, {\"added\": {\"name\": \"choice\", \"object\": \"Choice 3\"}}, {\"added\": {\"name\": \"choice\", \"object\": \"Choice 4\"}}]"}}, {"model": "admin.logentry", "pk": 20, "fields": {"action_time": "2020-12-31T20:11:28.484Z", "user": 1, "content_type": 7, "object_id": "8", "object_repr": "Question with one Choice", "action_flag": 2, "change_message": "[]"}}, {"model": "admin.logentry", "pk": 21, "fields": {"action_time": "2020-12-31T20:11:40.873Z", "user": 1, "content_type": 7, "object_id": "8", "object_repr": "Question with four Choices", "action_flag": 2, "change_message": "[{\"changed\": {\"fields\": [\"Question text\"]}}]"}}, {"model": "admin.logentry", "pk": 22, "fields": {"action_time": "2020-12-31T20:12:22.277Z", "user": 1, "content_type": 7, "object_id": "9", "object_repr": "Question with one Choice", "action_flag": 1, "change_message": "[{\"added\": {}}, {\"added\": {\"name\": \"choice\", \"object\": \"The only way\"}}]"}}, {"model": "admin.logentry", "pk": 23, "fields": {"action_time": "2021-01-04T18:18:43.310Z", "user": 1, "content_type": 7, "object_id": "10", "object_repr": "Question with description", "action_flag": 1, "change_message": "[{\"added\": {}}, {\"added\": {\"name\": \"choice\", \"object\": \"Option 1\"}}, {\"added\": {\"name\": \"choice\", \"object\": \"Option 2\"}}, {\"added\": {\"name\": \"choice\", \"object\": \"Option 3\"}}]"}}, {"model": "admin.logentry", "pk": 24, "fields": {"action_time": "2021-01-04T22:37:14.372Z", "user": 1, "content_type": 7, "object_id": "10", "object_repr": "Question with description", "action_flag": 2, "change_message": "[{\"changed\": {\"name\": \"choice\", \"object\": \"Option 1\", \"fields\": [\"Votes\"]}}]"}}, {"model": "admin.logentry", "pk": 25, "fields": {"action_time": "2021-01-04T22:39:26.077Z", "user": 1, "content_type": 7, "object_id": "11", "object_repr": "Question with many choices and many votes", "action_flag": 1, "change_message": "[{\"added\": {}}, {\"added\": {\"name\": \"choice\", \"object\": \"I prefer going to the beach\"}}, {\"added\": {\"name\": \"choice\", \"object\": \"I would rather go to the mountain\"}}, {\"added\": {\"name\": \"choice\", \"object\": \"I would go to the forest\"}}, {\"added\": {\"name\": \"choice\", \"object\": \"I prefer the desert\"}}, {\"added\": {\"name\": \"choice\", \"object\": \"I woud go to the city\"}}, {\"added\": {\"name\": \"choice\", \"object\": \"I prefer a farm\"}}]"}}, {"model": "admin.logentry", "pk": 26, "fields": {"action_time": "2021-01-05T02:23:47.505Z", "user": 1, "content_type": 4, "object_id": "2", "object_repr": "FirstUser", "action_flag": 2, "change_message": "[{\"changed\": {\"fields\": [\"First name\", \"Last name\", \"Email address\"]}}]"}}, {"model": "admin.logentry", "pk": 27, "fields": {"action_time": "2021-01-05T02:24:24.926Z", "user": 1, "content_type": 4, "object_id": "1", "object_repr": "kevwas", "action_flag": 2, "change_message": "[{\"changed\": {\"fields\": [\"Username\", \"First name\", \"Last name\"]}}]"}}, {"model": "admin.logentry", "pk": 28, "fields": {"action_time": "2021-01-06T14:40:43.512Z", "user": 1, "content_type": 9, "object_id": "1", "object_repr": "kevwas", "action_flag": 1, "change_message": "[{\"added\": {}}]"}}, {"model": "auth.permission", "pk": 1, "fields": {"name": "Can add log entry", "content_type": 1, "codename": "add_logentry"}}, {"model": "auth.permission", "pk": 2, "fields": {"name": "Can change log entry", "content_type": 1, "codename": "change_logentry"}}, {"model": "auth.permission", "pk": 3, "fields": {"name": "Can delete log entry", "content_type": 1, "codename": "delete_logentry"}}, {"model": "auth.permission", "pk": 4, "fields": {"name": "Can view log entry", "content_type": 1, "codename": "view_logentry"}}, {"model": "auth.permission", "pk": 5, "fields": {"name": "Can add permission", "content_type": 2, "codename": "add_permission"}}, {"model": "auth.permission", "pk": 6, "fields": {"name": "Can change permission", "content_type": 2, "codename": "change_permission"}}, {"model": "auth.permission", "pk": 7, "fields": {"name": "Can delete permission", "content_type": 2, "codename": "delete_permission"}}, {"model": "auth.permission", "pk": 8, "fields": {"name": "Can view permission", "content_type": 2, "codename": "view_permission"}}, {"model": "auth.permission", "pk": 9, "fields": {"name": "Can add group", "content_type": 3, "codename": "add_group"}}, {"model": "auth.permission", "pk": 10, "fields": {"name": "Can change group", "content_type": 3, "codename": "change_group"}}, {"model": "auth.permission", "pk": 11, "fields": {"name": "Can delete group", "content_type": 3, "codename": "delete_group"}}, {"model": "auth.permission", "pk": 12, "fields": {"name": "Can view group", "content_type": 3, "codename": "view_group"}}, {"model": "auth.permission", "pk": 13, "fields": {"name": "Can add user", "content_type": 4, "codename": "add_user"}}, {"model": "auth.permission", "pk": 14, "fields": {"name": "Can change user", "content_type": 4, "codename": "change_user"}}, {"model": "auth.permission", "pk": 15, "fields": {"name": "Can delete user", "content_type": 4, "codename": "delete_user"}}, {"model": "auth.permission", "pk": 16, "fields": {"name": "Can view user", "content_type": 4, "codename": "view_user"}}, {"model": "auth.permission", "pk": 17, "fields": {"name": "Can add content type", "content_type": 5, "codename": "add_contenttype"}}, {"model": "auth.permission", "pk": 18, "fields": {"name": "Can change content type", "content_type": 5, "codename": "change_contenttype"}}, {"model": "auth.permission", "pk": 19, "fields": {"name": "Can delete content type", "content_type": 5, "codename": "delete_contenttype"}}, {"model": "auth.permission", "pk": 20, "fields": {"name": "Can view content type", "content_type": 5, "codename": "view_contenttype"}}, {"model": "auth.permission", "pk": 21, "fields": {"name": "Can add session", "content_type": 6, "codename": "add_session"}}, {"model": "auth.permission", "pk": 22, "fields": {"name": "Can change session", "content_type": 6, "codename": "change_session"}}, {"model": "auth.permission", "pk": 23, "fields": {"name": "Can delete session", "content_type": 6, "codename": "delete_session"}}, {"model": "auth.permission", "pk": 24, "fields": {"name": "Can view session", "content_type": 6, "codename": "view_session"}}, {"model": "auth.permission", "pk": 25, "fields": {"name": "Can add question", "content_type": 7, "codename": "add_question"}}, {"model": "auth.permission", "pk": 26, "fields": {"name": "Can change question", "content_type": 7, "codename": "change_question"}}, {"model": "auth.permission", "pk": 27, "fields": {"name": "Can delete question", "content_type": 7, "codename": "delete_question"}}, {"model": "auth.permission", "pk": 28, "fields": {"name": "Can view question", "content_type": 7, "codename": "view_question"}}, {"model": "auth.permission", "pk": 29, "fields": {"name": "Can add choice", "content_type": 8, "codename": "add_choice"}}, {"model": "auth.permission", "pk": 30, "fields": {"name": "Can change choice", "content_type": 8, "codename": "change_choice"}}, {"model": "auth.permission", "pk": 31, "fields": {"name": "Can delete choice", "content_type": 8, "codename": "delete_choice"}}, {"model": "auth.permission", "pk": 32, "fields": {"name": "Can view choice", "content_type": 8, "codename": "view_choice"}}, {"model": "auth.permission", "pk": 33, "fields": {"name": "Can add user profile", "content_type": 9, "codename": "add_userprofile"}}, {"model": "auth.permission", "pk": 34, "fields": {"name": "Can change user profile", "content_type": 9, "codename": "change_userprofile"}}, {"model": "auth.permission", "pk": 35, "fields": {"name": "Can delete user profile", "content_type": 9, "codename": "delete_userprofile"}}, {"model": "auth.permission", "pk": 36, "fields": {"name": "Can view user profile", "content_type": 9, "codename": "view_userprofile"}}, {"model": "auth.user", "pk": 1, "fields": {"password": "pbkdf2_sha256$216000$kjr7IBP5heIO$xIg/O2bFDjM22ToQsLAGnBoyzXRK2s5xmYtC84UA0do=", "last_login": "2021-01-06T14:40:11.858Z", "is_superuser": true, "username": "kevwas", "first_name": "Kevin", "last_name": "Ariza", "email": "arizakevin.dev@gmail.com", "is_staff": true, "is_active": true, "date_joined": "2020-12-22T08:39:31Z", "groups": [], "user_permissions": []}}, {"model": "auth.user", "pk": 2, "fields": {"password": "pbkdf2_sha256$216000$g20zXGwtFJHl$TlUSscA9X++D7PTrsQcH12vMRccDOjbJfbMe+3tnoV0=", "last_login": null, "is_superuser": false, "username": "FirstUser", "first_name": "FirstUser", "last_name": "Django", "email": "firstdjangouser@gmail.com", "is_staff": false, "is_active": true, "date_joined": "2021-01-05T02:19:39Z", "groups": [], "user_permissions": []}}, {"model": "auth.user", "pk": 3, "fields": {"password": "pbkdf2_sha256$216000$9Kzp3p8ZPeiJ$0224OSP5tgjmWi7CsbbWRAIHHMywItzVC9tMMoVLsjw=", "last_login": null, "is_superuser": false, "username": "LeanneGraham", "first_name": "Leanne", "last_name": "Graham", "email": "Sincere@april.biz", "is_staff": false, "is_active": true, "date_joined": "2021-01-05T03:07:56.157Z", "groups": [], "user_permissions": []}}, {"model": "auth.user", "pk": 4, "fields": {"password": "pbkdf2_sha256$216000$HAUDmz4y9yFf$NcGe23riaR6EAOaKe2r6/hDEaVoOngMUTAMk5etXkX8=", "last_login": null, "is_superuser": false, "username": "Antonette", "first_name": "Ervin", "last_name": "Howell", "email": "Shanna@melissa.tv", "is_staff": false, "is_active": true, "date_joined": "2021-01-05T13:57:42.637Z", "groups": [], "user_permissions": []}}, {"model": "auth.user", "pk": 5, "fields": {"password": "pbkdf2_sha256$216000$P8X27lb8VrCw$jL7syJM0trjs40Z2stgJ2MT19SvQNIyNc6OMGZ1o51c=", "last_login": null, "is_superuser": false, "username": "Samantha", "first_name": "Clementine", "last_name": "Bauch", "email": "Nathan@yesenia.net", "is_staff": false, "is_active": true, "date_joined": "2021-01-05T13:59:22.621Z", "groups": [], "user_permissions": []}}, {"model": "auth.user", "pk": 6, "fields": {"password": "pbkdf2_sha256$216000$oI6w32eN8ffC$4TKj2V80F6tHt5GgWMFM8GOvb+2S9xX61KQYsIKjX2s=", "last_login": null, "is_superuser": false, "username": "Karianne", "first_name": "Patricia", "last_name": "Lebsack", "email": "Julianne.OConner@kory.org", "is_staff": false, "is_active": true, "date_joined": "2021-01-05T14:02:37.004Z", "groups": [], "user_permissions": []}}, {"model": "auth.user", "pk": 7, "fields": {"password": "pbkdf2_sha256$216000$Wu6qmpXkISPm$A++j80VcwP9KqM89vIgiOstmgbWqLYh88E/MYTQ5fmI=", "last_login": null, "is_superuser": false, "username": "Kamren", "first_name": "Chelsey", "last_name": "Dietrich", "email": "Lucio_Hettinger@annie.ca", "is_staff": false, "is_active": true, "date_joined": "2021-01-05T14:07:32.079Z", "groups": [], "user_permissions": []}}, {"model": "auth.user", "pk": 8, "fields": {"password": "pbkdf2_sha256$216000$CshluMTOk8ep$5HjC3hiAcyjfGxtiToOdVTbH004Xf2v8qOWyfcsF22Q=", "last_login": null, "is_superuser": false, "username": "Leopoldo_Corkery", "first_name": "Dennis", "last_name": "Schulist", "email": "Karley_Dach@jasper.info", "is_staff": false, "is_active": true, "date_joined": "2021-01-05T14:09:51.716Z", "groups": [], "user_permissions": []}}, {"model": "auth.user", "pk": 9, "fields": {"password": "pbkdf2_sha256$216000$In8AWgFQ4Nlj$kGfk35UQx15OWwvJxACivQT4m9wgRTBMaX4VLIiKPfk=", "last_login": null, "is_superuser": false, "username": "Elwyn_Skiles", "first_name": "Kurtis", "last_name": "Weissnat", "email": "Telly.Hoeger@billy.biz", "is_staff": false, "is_active": true, "date_joined": "2021-01-05T14:11:51.015Z", "groups": [], "user_permissions": []}}, {"model": "auth.user", "pk": 10, "fields": {"password": "pbkdf2_sha256$216000$wfcXKFOiAPGR$tcNXp2UisgaeuOcpuu+O1UD5RVRlrCRwK8UWIF7JmcM=", "last_login": "2021-01-05T14:37:06.104Z", "is_superuser": false, "username": "Maxime_Nienow", "first_name": "Nicholas", "last_name": "Runolfsdottir", "email": "Sherwood@rosamond.me", "is_staff": false, "is_active": true, "date_joined": "2021-01-05T14:30:49.825Z", "groups": [], "user_permissions": []}}, {"model": "auth.user", "pk": 11, "fields": {"password": "pbkdf2_sha256$216000$lHu2s9o5ciYN$3ZVgwGY/SYj+8Z3VbUmKWRw6wm7lSl8znXkrzVDqAxc=", "last_login": "2021-01-05T16:36:44.841Z", "is_superuser": false, "username": "angelita", "first_name": "Angelica", "last_name": "Saavedra", "email": "arizakevin.dev@gmail.com", "is_staff": false, "is_active": true, "date_joined": "2021-01-05T16:36:28.222Z", "groups": [], "user_permissions": []}}, {"model": "auth.user", "pk": 12, "fields": {"password": "pbkdf2_sha256$216000$y5WnltraVMSb$/ulTHJEIbOC9SmbrhYYT+ICxEblCWQkmHAoR5FO52uc=", "last_login": null, "is_superuser": false, "username": "Moriah_Stanton", "first_name": "Clementina", "last_name": "DuBuque", "email": "Rey.Padberg@karina.biz", "is_staff": false, "is_active": true, "date_joined": "2021-01-06T00:20:37.969Z", "groups": [], "user_permissions": []}}, {"model": "auth.user", "pk": 13, "fields": {"password": "pbkdf2_sha256$216000$Q0QzvmbdRxbl$2JGl9A5Fp1NwywFFcDJz0lVjPH+x/c0E6lG2uxqgGhg=", "last_login": null, "is_superuser": false, "username": "Delphine", "first_name": "Glenna", "last_name": "Reichert", "email": "Chaim_McDermott@dana.io", "is_staff": false, "is_active": true, "date_joined": "2021-01-06T01:53:32.484Z", "groups": [], "user_permissions": []}}, {"model": "auth.user", "pk": 14, "fields": {"password": "pbkdf2_sha256$216000$WbjXnUYXzFUH$6xVQGiQ5qLKHTEG9rdMDohSXbQTvGSt7wFtmXv6eCYw=", "last_login": null, "is_superuser": false, "username": "randomUser", "first_name": "Random", "last_name": "User", "email": "randomuser@gmail.com", "is_staff": false, "is_active": true, "date_joined": "2021-01-06T03:55:05.855Z", "groups": [], "user_permissions": []}}, {"model": "auth.user", "pk": 15, "fields": {"password": "pbkdf2_sha256$216000$iMdaTR92SAZm$JGYk+tY3KRvPfGiUU8BSbkqeB6BY6lbx0WL9AIcdkEo=", "last_login": null, "is_superuser": false, "username": "link97", "first_name": "Link", "last_name": "Zelda", "email": "legendofzelda@gmail.com", "is_staff": false, "is_active": true, "date_joined": "2021-01-06T03:58:47.896Z", "groups": [], "user_permissions": []}}, {"model": "auth.user", "pk": 16, "fields": {"password": "pbkdf2_sha256$216000$eyw2UbFY5BrS$Y4giP6rr16dbfgi0cY4kBhAwutkFbDBgDdGCB8bxM+8=", "last_login": null, "is_superuser": false, "username": "ironman", "first_name": "Tony", "last_name": "Stark", "email": "tony@starkindustries.com", "is_staff": false, "is_active": true, "date_joined": "2021-01-06T04:02:27.722Z", "groups": [], "user_permissions": []}}, {"model": "auth.user", "pk": 17, "fields": {"password": "pbkdf2_sha256$216000$YhcKKz3wQ5iW$8fHlKZ+WeQ4aqYpnZi+/VY2Oim5ETMKsTY8Aq84Kwpo=", "last_login": null, "is_superuser": false, "username": "Spiderman", "first_name": "Peter", "last_name": "Parker", "email": "spidey@cool.com", "is_staff": false, "is_active": true, "date_joined": "2021-01-06T04:06:41.436Z", "groups": [], "user_permissions": []}}, {"model": "contenttypes.contenttype", "pk": 1, "fields": {"app_label": "admin", "model": "logentry"}}, {"model": "contenttypes.contenttype", "pk": 2, "fields": {"app_label": "auth", "model": "permission"}}, {"model": "contenttypes.contenttype", "pk": 3, "fields": {"app_label": "auth", "model": "group"}}, {"model": "contenttypes.contenttype", "pk": 4, "fields": {"app_label": "auth", "model": "user"}}, {"model": "contenttypes.contenttype", "pk": 5, "fields": {"app_label": "contenttypes", "model": "contenttype"}}, {"model": "contenttypes.contenttype", "pk": 6, "fields": {"app_label": "sessions", "model": "session"}}, {"model": "contenttypes.contenttype", "pk": 7, "fields": {"app_label": "polls", "model": "question"}}, {"model": "contenttypes.contenttype", "pk": 8, "fields": {"app_label": "polls", "model": "choice"}}, {"model": "contenttypes.contenttype", "pk": 9, "fields": {"app_label": "accounts", "model": "userprofile"}}, {"model": "sessions.session", "pk": "11xuofwusiwc3zpcwh5hsw2idjaw76lc", "fields": {"session_data": ".eJxVjMsOwiAQRf-FtSHQoYy4dO83kBkeUjU0Ke3K-O_SpAvdnnvOfQtP21r81tLipyguQovTL2MKz1T3IT6o3mcZ5rouE8tdkcfa5G2O6XU93L-DQq30OtHIgIDaOnemgKAcRlQGsjWdqDCqwWSVOetsgK1DO2hlou4NQGTx-QK3-zaQ:1kx9yt:zQIWTBqvvpNie6hWY6ierPyjXb1u5NewUw7KpCLefW8", "expire_date": "2021-01-20T14:40:11.862Z"}}, {"model": "sessions.session", "pk": "h8zlaiyfvxm4t1e2ltszekddil2kuqmu", "fields": {"session_data": "e30:1kwnPe:0Z13U178OBJAiL3ulJXTMVNFEczTse1qnKJi_JO4e1E", "expire_date": "2021-01-19T14:34:18.904Z"}}]